x,y,z
10,0,0
9.99822,0.0309581,0.0164298
9.99288,0.118378,0.0628494
9.98399,0.254079,0.134954
9.97156,0.42988,0.228438
9.95559,0.637599,0.338997
9.93608,0.869055,0.462327
9.91305,1.11607,0.594121
9.8865,1.37045,0.730076
9.85644,1.62403,0.865886
9.82287,1.86862,0.997247
9.78581,2.09729,1.12051
9.74526,2.30986,1.23563
9.70124,2.50845,1.34375
9.65379,2.69515,1.44602
9.6029,2.87209,1.5436
9.54861,3.04136,1.63764
9.49094,3.20509,1.7293
9.42989,3.36538,1.81973
9.36549,3.52433,1.91007
9.29776,3.68407,2.0015
9.22672,3.84647,2.09503
9.1524,4.01166,2.19077
9.07482,4.17902,2.28842
8.99403,4.3479,2.38767
8.91004,4.51765,2.4882
8.82288,4.68764,2.58972
8.7326,4.85723,2.6919
8.63922,5.02576,2.79445
8.54277,5.19261,2.89705
8.44328,5.35711,2.99939
8.34078,5.51869,3.10119
8.23532,5.67717,3.20238
8.12693,5.83266,3.30306
8.01565,5.98525,3.4033
7.90152,6.13506,3.50319
7.7846,6.28218,3.60281
7.66491,6.42672,3.70223
7.5425,6.56878,3.80156
7.41741,6.70847,3.90086
7.28969,6.84589,4.00022
7.15936,6.98113,4.09972
7.02649,7.11419,4.19939
6.89113,7.24499,4.29919
6.75331,7.37345,4.39912
6.6131,7.49946,4.49914
6.47054,7.62296,4.59924
6.32568,7.74385,4.69938
6.17858,7.86205,4.79956
6.02929,7.97747,4.89975
5.87785,8.09003,4.99992
5.72432,8.19964,5.10006
5.56875,8.30625,5.20016
5.4112,8.40983,5.30021
5.25173,8.51036,5.40024
5.0904,8.60783,5.50023
4.92726,8.7022,5.60021
4.76237,8.79346,5.70017
4.59579,8.88158,5.80012
4.42758,8.96654,5.90007
4.25779,9.04832,6.00002
4.08649,9.12689,6.09999
3.91374,9.20224,6.19996
3.73959,9.27433,6.29994
3.56411,9.34314,6.39994
3.38737,9.40866,6.49994
3.20942,9.47084,6.59994
3.03034,9.52968,6.69995
2.85018,9.58513,6.79997
2.66902,9.63719,6.89998
2.4869,9.68581,6.99999
2.30389,9.73099,7.1
2.12007,9.77269,7.20001
1.93549,9.81092,7.30001
1.75023,9.84565,7.40002
1.56434,9.87688,7.50002
1.3779,9.90461,7.60002
1.19097,9.92882,7.70001
1.00361,9.94951,7.80001
0.815903,9.96666,7.90001
0.627904,9.98027,8
0.439681,9.99033,8.1
0.251302,9.99683,8.2
0.0628332,9.99978,8.3
-0.125658,9.99918,8.39999
-0.314106,9.99502,8.5
-0.502442,9.98733,8.6
-0.6906,9.97609,8.7
-0.878512,9.96131,8.8
-1.06611,9.94299,8.9
-1.25333,9.92114,9
-1.44011,9.89576,9.1
-1.62637,9.86686,9.2
-1.81205,9.83444,9.3
-1.99709,9.79853,9.4
-2.18142,9.75914,9.5
-2.36498,9.71629,9.6
-2.5477,9.66999,9.7
-2.72951,9.62025,9.8
-2.91036,9.56711,9.9
-3.09017,9.51056,10
-3.26888,9.45063,10.1
-3.44643,9.38733,10.2
-3.62275,9.3207,10.3
-3.79778,9.25075,10.4
-3.97147,9.17752,10.5
-4.14374,9.10103,10.6
-4.31455,9.02131,10.7
-4.48382,8.93839,10.8
-4.65151,8.8523,10.9
-4.81754,8.76306,11
-4.98185,8.67071,11.1
-5.14439,8.57526,11.2
-5.3051,8.47677,11.3
-5.46393,8.37526,11.4
-5.62082,8.27078,11.5
-5.77571,8.16336,11.6
-5.92855,8.05305,11.7
-6.07929,7.93988,11.8
-6.22787,7.82389,11.9
-6.37424,7.70513,12
-6.51834,7.58362,12.1
-6.66012,7.45941,12.2
-6.79952,7.33255,12.3
-6.93652,7.20308,12.4
-7.07105,7.07105,12.5
-7.20307,6.93651,12.6
-7.33253,6.79951,12.7
-7.45939,6.6601,12.8
-7.58361,6.51832,12.9
-7.70513,6.37423,13
-7.82391,6.22788,13.1
-7.9399,6.0793,13.2
-8.05307,5.92856,13.3
-8.16337,5.77572,13.4
-8.27078,5.62082,13.5
-8.37525,5.46393,13.6
-8.47675,5.30509,13.7
-8.57524,5.14438,13.8
-8.67069,4.98184,13.9
-8.76306,4.81753,14
-8.85231,4.65151,14.1
-8.93841,4.48383,14.2
-9.02133,4.31456,14.3
-9.10104,4.14375,14.4
-9.17752,3.97147,14.5
-9.25074,3.79778,14.6
-9.32068,3.62274,14.7
-9.38731,3.44642,14.8
-9.45061,3.26887,14.9
-9.51056,3.09017,15
-9.56712,2.91036,15.1
-9.62028,2.72952,15.2
-9.67001,2.54771,15.3
-9.7163,2.36499,15.4
-9.75914,2.18143,15.5
-9.79852,1.99709,15.6
-9.83442,1.81205,15.7
-9.86683,1.62637,15.8
-9.89574,1.4401,15.9
-9.92114,1.25333,16
-9.94301,1.06611,16.1
-9.96134,0.878512,16.2
-9.97612,0.690601,16.3
-9.98735,0.502444,16.4
-9.99504,0.314108,16.5
-9.99918,0.12566,16.6
-9.99977,-0.0628319,16.7
-9.99681,-0.251302,16.8
-9.99031,-0.439683,16.9
-9.98026,-0.627907,17
-9.96666,-0.815907,17.1
-9.94951,-1.00362,17.2
-9.92882,-1.19097,17.3
-9.9046,-1.3779,17.4
-9.87686,-1.56434,17.5
-9.84561,-1.75022,17.6
-9.81087,-1.93549,17.7
-9.77265,-2.12007,17.8
-9.73096,-2.30389,17.9
-9.68582,-2.4869,18
-9.63723,-2.66902,18.1
-9.58522,-2.85019,18.2
-9.52979,-3.03035,18.3
-9.47097,-3.20943,18.4
-9.40878,-3.38737,18.5
-9.34326,-3.56411,18.6
-9.27442,-3.73958,18.7
-9.20229,-3.91373,18.8
-9.12689,-4.08648,18.9
-9.04826,-4.25779,19
-8.96641,-4.42758,19.1
-8.88136,-4.5958,19.2
-8.79316,-4.76238,19.3
-8.70183,-4.92726,19.4
-8.6074,-5.0904,19.5
-8.50992,-5.25173,19.6
-8.40942,-5.41119,19.7
-8.30593,-5.56874,19.8
-8.1995,-5.72431,19.9
-8.09016,-5.87785,20
-7.97794,-6.02929,20.1
-7.86288,-6.1786,20.2
-7.74503,-6.3257,20.3
-7.62442,-6.47055,20.4
-7.50109,-6.6131,20.5
-7.37511,-6.75331,20.6
-7.24651,-6.89111,20.7
-7.11533,-7.02648,20.8
-6.98164,-7.15935,20.9
-6.84546,-7.28968,21
-6.70685,-7.41741,21.1
-6.56586,-7.54251,21.2
-6.42253,-7.66493,21.3
-6.27691,-7.78461,21.4
-6.12906,-7.90153,21.5
-5.97903,-8.01564,21.6
-5.82688,-8.12691,21.7
-5.67267,-8.2353,21.8
-5.51644,-8.34076,21.9
-5.35826,-8.44327,22
-5.19817,-8.54277,22.1
-5.03623,-8.63923,22.2
-4.8725,-8.73262,22.3
-4.70704,-8.8229,22.4
-4.5399,-8.91005,22.5
-4.37115,-8.99403,22.6
-4.20084,-9.07481,22.7
-4.02905,-9.15238,22.8
-3.85583,-9.2267,22.9
-3.68124,-9.29775,23
-3.50534,-9.36549,23.1
-3.32819,-9.4299,23.2
-3.14987,-9.49096,23.3
-2.97041,-9.54863,23.4
-2.78991,-9.60292,23.5
-2.60841,-9.65379,23.6
-2.42598,-9.70123,23.7
-2.2427,-9.74524,23.8
-2.05862,-9.78578,23.9
-1.87381,-9.82285,24
-1.68833,-9.85644,24.1
-1.50226,-9.88652,24.2
-1.31564,-9.91307,24.3
-1.12856,-9.9361,24.4
-0.941083,-9.9556,24.5
-0.753267,-9.97156,24.6
-0.565184,-9.98398,24.7
-0.3769,-9.99286,24.8
-0.188482,-9.99819,24.9
2.04406e-06,-9.99998,25
0.188486,-9.99821,25.1
0.376902,-9.99289,25.2
0.565185,-9.98401,25.3
0.753266,-9.97158,25.4
0.941079,-9.9556,25.5
1.12856,-9.93609,25.6
1.31564,-9.91304,25.7
1.50225,-9.88648,25.8
1.68833,-9.85642,25.9
1.87381,-9.82285,26
2.05863,-9.7858,26.1
2.24271,-9.74527,26.2
2.42599,-9.70127,26.3
2.60841,-9.65381,26.4
2.7899,-9.60292,26.5
2.97041,-9.54862,26.6
3.14985,-9.49093,26.7
3.32818,-9.42987,26.8
3.50533,-9.36547,26.9
3.68124,-9.29774,27
3.85584,-9.22672,27.1
4.02906,-9.15241,27.2
4.20086,-9.07484,27.3
4.37115,-8.99405,27.4
4.5399,-8.91005,27.5
4.70703,-8.82289,27.6
4.87248,-8.7326,27.7
5.03621,-8.6392,27.8
5.19816,-8.54275,27.9
5.35826,-8.44326,28
5.51645,-8.34077,28.1
5.67269,-8.23532,28.2
5.8269,-8.12694,28.3
5.97905,-8.01567,28.4
6.12906,-7.90154,28.5
6.2769,-7.7846,28.6
6.42251,-7.66491,28.7
6.56584,-7.54249,28.8
6.70684,-7.41739,28.9
6.84546,-7.28967,29
6.98165,-7.15935,29.1
7.11536,-7.0265,29.2
7.24653,-6.89114,29.3
7.37513,-6.75333,29.4
7.5011,-6.61311,29.5
7.62441,-6.47054,29.6
7.74501,-6.32568,29.7
7.86286,-6.17857,29.8
7.97792,-6.02928,29.9
8.09015,-5.87784,30
8.19951,-5.72431,30.1
8.30596,-5.56875,30.2
8.40945,-5.41121,30.3
8.50994,-5.25175,30.4
8.60741,-5.09041,30.5
8.70182,-4.92726,30.6
8.79313,-4.76237,30.7
8.88133,-4.59578,30.8
8.96638,-4.42757,30.9
9.04825,-4.25778,31
9.1269,-4.08648,31.1
9.20231,-3.91373,31.2
9.27445,-3.73959,31.3
9.34329,-3.56412,31.4
9.4088,-3.38738,31.5
9.47096,-3.20943,31.6
9.52976,-3.03034,31.7
9.58519,-2.85018,31.8
9.63721,-2.66901,31.9
9.68581,-2.48689,32
9.73097,-2.30389,32.1
9.77268,-2.12007,32.2
9.81091,-1.93549,32.3
9.84564,-1.75023,32.4
9.87687,-1.56434,32.5
9.90459,-1.3779,32.6
9.9288,-1.19097,32.7
9.94948,-1.00361,32.8
9.96663,-0.815902,32.9
9.98024,-0.627901,33
9.99031,-0.439678,33.1
9.99683,-0.251299,33.2
9.9998,-0.0628304,33.3
9.99921,0.12566,33.4
9.99506,0.314106,33.5
9.98735,0.502441,33.6
9.9761,0.690597,33.7
9.9613,0.878509,33.8
9.94298,1.06611,33.9
9.92112,1.25333,34
9.89574,1.44011,34.1
9.86685,1.62637,34.2
9.83445,1.81206,34.3
9.79855,1.9971,34.4
9.75916,2.18143,34.5
9.7163,2.36498,34.6
9.66999,2.5477,34.7
9.62024,2.72951,34.8
9.56709,2.91035,34.9
9.51054,3.09016,35
9.45061,3.26888,35.1
9.38733,3.44643,35.2
9.32071,3.62275,35.3
9.25077,3.79779,35.4
9.17754,3.97147,35.5
9.10104,4.14375,35.6
9.02131,4.31455,35.7
8.93838,4.48382,35.8
8.85228,4.6515,35.9
8.76304,4.81752,36
8.67069,4.98184,36.1
8.57526,5.14439,36.2
8.47678,5.30511,36.3
8.37528,5.46394,36.4
8.2708,5.62083,36.5
8.16338,5.77572,36.6
8.05306,5.92855,36.7
7.93988,6.07928,36.8
7.82388,6.22786,36.9
7.70511,6.37422,37
7.5836,6.51832,37.1
7.4594,6.66011,37.2
7.33255,6.79953,37.3
7.20309,6.93653,37.4
7.07106,7.07106,37.5
6.93652,7.20308,37.6
6.79952,7.33253,37.7
6.6601,7.45939,37.8
6.51831,7.58359,37.9
6.37422,7.70511,38
6.22786,7.82389,38.1
6.07929,7.9399,38.2
5.92857,8.05308,38.3
5.77573,8.16339,38.4
5.62083,8.2708,38.5
5.46394,8.37527,38.6
5.3051,8.47676,38.7
5.14438,8.57524,38.8
4.98183,8.67068,38.9
4.81752,8.76304,39
4.6515,8.85229,39.1
4.48382,8.9384,39.2
4.31456,9.02134,39.3
4.14376,9.10106,39.4
3.97148,9.17754,39.5
3.79779,9.25076,39.6
3.62275,9.32069,39.7
3.44642,9.38731,39.8
3.26887,9.4506,39.9
3.09016,9.51054,40
2.91035,9.5671,40.1
2.72951,9.62026,40.2
2.54771,9.67001,40.3
2.36499,9.71632,40.4
2.18143,9.75916,40.5
1.9971,9.79854,40.6
1.81206,9.83443,40.7
1.62637,9.86683,40.8
1.4401,9.89573,40.9
1.25333,9.92111,41
1.06611,9.94298,41.1
0.878509,9.96132,41.2
0.690599,9.97612,41.3
0.502443,9.98737,41.4
0.314109,9.99506,41.5
0.125663,9.9992,41.6
-0.0628288,9.99978,41.7
-0.251298,9.99681,41.8
-0.439679,9.99029,41.9
-0.627904,9.98023,42
-0.815905,9.96663,42.1
-1.00362,9.94949,42.2
-1.19097,9.92882,42.3
-1.3779,9.90461,42.4
-1.56434,9.87688,42.5
-1.75023,9.84563,42.6
-1.93549,9.81088,42.7
-2.12006,9.77265,42.8
-2.30389,9.73095,42.9
-2.48689,9.6858,43
-2.66901,9.63721,43.1
-2.85019,9.5852,43.2
-3.03035,9.52979,43.3
-3.20944,9.47098,43.4
-3.38738,9.40881,43.5
-3.56411,9.34328,43.6
-3.73958,9.27443,43.7
-3.91372,9.20229,43.8
-4.08648,9.12689,43.9
-4.25778,9.04824,44
-4.42757,8.96638,44.1
-4.59579,8.88135,44.2
-4.76238,8.79315,44.3
-4.92727,8.70184,44.4
-5.09041,8.60742,44.5
-5.25174,8.50994,44.6
-5.4112,8.40943,44.7
-5.56874,8.30594,44.8
-5.7243,8.19949,44.9
-5.87783,8.09014,45
-6.02928,7.97792,45.1
-6.17859,7.86287,45.2
-6.3257,7.74502,45.3
-6.47056,7.62442,45.4
-6.61312,7.50111,45.5
-6.75332,7.37513,45.6
-6.89112,7.24652,45.7
-7.02648,7.11534,45.8
-7.15934,6.98163,45.9
-7.28966,6.84545,46
-7.4174,6.70683,46.1
-7.5425,6.56584,46.2
-7.66492,6.42252,46.3
-7.78462,6.27691,46.4
-7.90155,6.12907,46.5
-8.01566,5.97905,46.6
-8.12693,5.8269,46.7
-8.2353,5.67268,46.8
-8.34076,5.51644,46.9
-8.44325,5.35825,47
-8.54275,5.19816,47.1
-8.63922,5.03622,47.2
-8.73262,4.87249,47.3
-8.82291,4.70704,47.4
-8.91006,4.53991,47.5
-8.99405,4.37116,47.6
-9.07483,4.20085,47.7
-9.15239,4.02906,47.8
-9.2267,3.85583,47.9
-9.29773,3.68123,48
-9.36547,3.50533,48.1
-9.42988,3.32819,48.2
-9.49095,3.14986,48.3
-9.54864,2.97041,48.4
-9.60294,2.78991,48.5
-9.65381,2.60841,48.6
-9.70125,2.42599,48.7
-9.74524,2.2427,48.8
-9.78578,2.05862,48.9
-9.82284,1.87381,49
-9.85642,1.68833,49.1
-9.88649,1.50225,49.2
-9.91306,1.31564,49.3
-9.93611,1.12856,49.4
-9.95562,0.941083,49.5
-9.97158,0.753269,49.6
-9.984,0.565187,49.7
-9.99287,0.376903,49.8
-9.99819,0.188485,49.9
-9.99997,-4.24172e-12,50
-9.99819,-0.188485,50.1
-9.99287,-0.376903,50.2
-9.984,-0.565187,50.3
-9.97158,-0.753269,50.4
-9.95562,-0.941083,50.5
-9.93611,-1.12856,50.6
-9.91306,-1.31564,50.7
-9.88649,-1.50225,50.8
-9.85642,-1.68833,50.9
-9.82284,-1.87381,51
-9.78578,-2.05862,51.1
-9.74524,-2.2427,51.2
-9.70125,-2.42599,51.3
-9.65381,-2.60841,51.4
-9.60294,-2.78991,51.5
-9.54864,-2.97041,51.6
-9.49095,-3.14986,51.7
-9.42988,-3.32819,51.8
-9.36547,-3.50533,51.9
-9.29773,-3.68123,52
-9.2267,-3.85583,52.1
-9.15239,-4.02906,52.2
-9.07483,-4.20085,52.3
-8.99405,-4.37116,52.4
-8.91006,-4.53991,52.5
-8.82291,-4.70704,52.6
-8.73262,-4.87249,52.7
-8.63922,-5.03622,52.8
-8.54275,-5.19816,52.9
-8.44325,-5.35825,53
-8.34076,-5.51644,53.1
-8.2353,-5.67268,53.2
-8.12693,-5.8269,53.3
-8.01566,-5.97905,53.4
-7.90155,-6.12907,53.5
-7.78462,-6.27691,53.6
-7.66492,-6.42252,53.7
-7.5425,-6.56584,53.8
-7.4174,-6.70683,53.9
-7.28966,-6.84545,54
-7.15934,-6.98163,54.1
-7.02648,-7.11534,54.2
-6.89112,-7.24652,54.3
-6.75332,-7.37513,54.4
-6.61312,-7.50111,54.5
-6.47056,-7.62442,54.6
-6.3257,-7.74502,54.7
-6.17859,-7.86287,54.8
-6.02928,-7.97792,54.9
-5.87783,-8.09014,55
-5.7243,-8.19949,55.1
-5.56874,-8.30594,55.2
-5.4112,-8.40943,55.3
-5.25174,-8.50994,55.4
-5.09041,-8.60742,55.5
-4.92727,-8.70184,55.6
-4.76238,-8.79315,55.7
-4.59579,-8.88135,55.8
-4.42757,-8.96638,55.9
-4.25778,-9.04824,56
-4.08648,-9.12689,56.1
-3.91372,-9.20229,56.2
-3.73958,-9.27443,56.3
-3.56411,-9.34328,56.4
-3.38738,-9.40881,56.5
-3.20944,-9.47098,56.6
-3.03035,-9.52979,56.7
-2.85019,-9.5852,56.8
-2.66901,-9.63721,56.9
-2.48689,-9.6858,57
-2.30389,-9.73095,57.1
-2.12006,-9.77265,57.2
-1.93549,-9.81088,57.3
-1.75023,-9.84563,57.4
-1.56434,-9.87688,57.5
-1.3779,-9.90461,57.6
-1.19097,-9.92882,57.7
-1.00362,-9.94949,57.8
-0.815905,-9.96663,57.9
-0.627904,-9.98023,58
-0.439679,-9.99029,58.1
-0.251298,-9.99681,58.2
-0.0628288,-9.99978,58.3
0.125663,-9.9992,58.4
0.314109,-9.99506,58.5
0.502443,-9.98737,58.6
0.690599,-9.97612,58.7
0.878509,-9.96132,58.8
1.06611,-9.94298,58.9
1.25333,-9.92111,59
1.4401,-9.89573,59.1
1.62637,-9.86683,59.2
1.81206,-9.83443,59.3
1.9971,-9.79854,59.4
2.18143,-9.75916,59.5
2.36499,-9.71632,59.6
2.54771,-9.67001,59.7
2.72951,-9.62026,59.8
2.91035,-9.5671,59.9
3.09016,-9.51054,60
3.26887,-9.4506,60.1
3.44642,-9.38731,60.2
3.62275,-9.32069,60.3
3.79779,-9.25076,60.4
3.97148,-9.17754,60.5
4.14376,-9.10106,60.6
4.31456,-9.02134,60.7
4.48382,-8.9384,60.8
4.6515,-8.85229,60.9
4.81752,-8.76304,61
4.98183,-8.67068,61.1
5.14438,-8.57524,61.2
5.3051,-8.47676,61.3
5.46394,-8.37527,61.4
5.62083,-8.2708,61.5
5.77573,-8.16339,61.6
5.92857,-8.05308,61.7
6.07929,-7.9399,61.8
6.22786,-7.82389,61.9
6.37422,-7.70511,62
6.51831,-7.58359,62.1
6.6601,-7.45939,62.2
6.79952,-7.33253,62.3
6.93652,-7.20308,62.4
7.07106,-7.07106,62.5
7.20309,-6.93653,62.6
7.33255,-6.79953,62.7
7.4594,-6.66011,62.8
7.5836,-6.51832,62.9
7.70511,-6.37422,63
7.82388,-6.22786,63.1
7.93988,-6.07928,63.2
8.05306,-5.92855,63.3
8.16338,-5.77572,63.4
8.2708,-5.62083,63.5
8.37528,-5.46394,63.6
8.47678,-5.30511,63.7
8.57526,-5.14439,63.8
8.67069,-4.98184,63.9
8.76304,-4.81752,64
8.85228,-4.65149,64.1
8.93839,-4.48382,64.2
9.02132,-4.31455,64.3
9.10104,-4.14374,64.4
9.17754,-3.97147,64.5
9.25077,-3.79779,64.6
9.32071,-3.62275,64.7
9.38733,-3.44643,64.8
9.45061,-3.26887,64.9
9.51054,-3.09016,65
9.56709,-2.91035,65.1
9.62024,-2.72951,65.2
9.66999,-2.5477,65.3
9.7163,-2.36498,65.4
9.75916,-2.18143,65.5
9.79855,-1.9971,65.6
9.83445,-1.81206,65.7
9.86685,-1.62637,65.8
9.89574,-1.44011,65.9
9.92112,-1.25333,66
9.94298,-1.06611,66.1
9.9613,-0.878507,66.2
9.9761,-0.690596,66.3
9.98735,-0.502439,66.4
9.99506,-0.314104,66.5
9.99921,-0.125658,66.6
9.9998,0.062832,66.7
9.99683,0.2513,66.8
9.99031,0.439679,66.9
9.98024,0.627903,67
9.96663,0.815904,67.1
9.94948,1.00362,67.2
9.9288,1.19097,67.3
9.90459,1.3779,67.4
9.87687,1.56435,67.5
9.84564,1.75023,67.6
9.81091,1.9355,67.7
9.77268,2.12007,67.8
9.73097,2.30389,67.9
9.68581,2.48689,68
9.63721,2.66901,68.1
9.58518,2.85018,68.2
9.52976,3.03035,68.3
9.47096,3.20943,68.4
9.40879,3.38738,68.5
9.34329,3.56412,68.6
9.27445,3.73959,68.7
9.20231,3.91373,68.8
9.1269,4.08648,68.9
9.04825,4.25778,69
8.96638,4.42757,69.1
8.88133,4.59578,69.2
8.79313,4.76237,69.3
8.70182,4.92726,69.4
8.60741,5.09041,69.5
8.50994,5.25175,69.6
8.40945,5.41121,69.7
8.30596,5.56875,69.8
8.19951,5.72431,69.9
8.09015,5.87784,70
7.97792,6.02928,70.1
7.86286,6.17858,70.2
7.74501,6.32568,70.3
7.6244,6.47055,70.4
7.5011,6.61311,70.5
7.37513,6.75333,70.6
7.24653,6.89114,70.7
7.11535,7.0265,70.8
6.98165,7.15935,70.9
6.84546,7.28967,71
6.70684,7.41739,71.1
6.56583,7.54249,71.2
6.4225,7.66491,71.3
6.2769,7.7846,71.4
6.12906,7.90154,71.5
5.97904,8.01567,71.6
5.8269,8.12694,71.7
5.67269,8.23532,71.8
5.51645,8.34077,71.9
5.35826,8.44326,72
5.19816,8.54275,72.1
5.03621,8.6392,72.2
4.87248,8.7326,72.3
4.70703,8.82289,72.4
4.5399,8.91005,72.5
4.37115,8.99405,72.6
4.20086,9.07484,72.7
4.02906,9.15241,72.8
3.85584,9.22672,72.9
3.68124,9.29774,73
3.50533,9.36547,73.1
3.32818,9.42987,73.2
3.14985,9.49093,73.3
2.97041,9.54862,73.4
2.7899,9.60292,73.5
2.60841,9.65381,73.6
2.42599,9.70127,73.7
2.24271,9.74527,73.8
2.05863,9.7858,73.9
1.87381,9.82285,74
1.68833,9.85642,74.1
1.50225,9.88648,74.2
1.31564,9.91304,74.3
1.12856,9.93609,74.4
0.941079,9.9556,74.5
0.753266,9.97158,74.6
0.565185,9.98401,74.7
0.376902,9.99289,74.8
0.188486,9.99821,74.9
2.04631e-06,9.99998,75
-0.188482,9.99819,75.1
-0.3769,9.99286,75.2
-0.565184,9.98398,75.3
-0.753267,9.97156,75.4
-0.941083,9.9556,75.5
-1.12856,9.9361,75.6
-1.31564,9.91307,75.7
-1.50226,9.88652,75.8
-1.68833,9.85644,75.9
-1.87381,9.82285,76
-2.05862,9.78578,76.1
-2.2427,9.74524,76.2
-2.42598,9.70123,76.3
-2.60841,9.65379,76.4
-2.78991,9.60292,76.5
-2.97041,9.54864,76.6
-3.14987,9.49096,76.7
-3.32819,9.4299,76.8
-3.50534,9.36549,76.9
-3.68124,9.29775,77
-3.85583,9.2267,77.1
-4.02905,9.15238,77.2
-4.20084,9.07481,77.3
-4.37115,8.99403,77.4
-4.5399,8.91005,77.5
-4.70704,8.8229,77.6
-4.8725,8.73262,77.7
-5.03623,8.63923,77.8
-5.19817,8.54277,77.9
-5.35826,8.44327,78
-5.51644,8.34076,78.1
-5.67267,8.2353,78.2
-5.82688,8.12691,78.3
-5.97903,8.01565,78.4
-6.12906,7.90153,78.5
-6.27691,7.78461,78.6
-6.42252,7.66493,78.7
-6.56586,7.54251,78.8
-6.70685,7.41742,78.9
-6.84546,7.28968,79
-6.98163,7.15935,79.1
-7.11533,7.02648,79.2
-7.24651,6.89111,79.3
-7.37511,6.75331,79.4
-7.50109,6.6131,79.5
-7.62442,6.47055,79.6
-7.74503,6.3257,79.7
-7.86288,6.1786,79.8
-7.97794,6.02929,79.9
-8.09016,5.87785,80
-8.1995,5.72431,80.1
-8.30593,5.56874,80.2
-8.40942,5.41119,80.3
-8.50992,5.25173,80.4
-8.6074,5.0904,80.5
-8.70183,4.92727,80.6
-8.79316,4.76238,80.7
-8.88136,4.5958,80.8
-8.96641,4.42758,80.9
-9.04826,4.25779,81
-9.12689,4.08648,81.1
-9.20229,3.91373,81.2
-9.27442,3.73958,81.3
-9.34326,3.56411,81.4
-9.40878,3.38737,81.5
-9.47097,3.20943,81.6
-9.52979,3.03035,81.7
-9.58522,2.85019,81.8
-9.63723,2.66902,81.9
-9.68582,2.4869,82
-9.73096,2.30389,82.1
-9.77265,2.12007,82.2
-9.81087,1.93549,82.3
-9.84561,1.75022,82.4
-9.87686,1.56434,82.5
-9.9046,1.3779,82.6
-9.92882,1.19097,82.7
-9.94951,1.00362,82.8
-9.96666,0.815908,82.9
-9.98026,0.627907,83
-9.99031,0.439683,83.1
-9.99681,0.251303,83.2
-9.99977,0.0628327,83.3
-9.99918,-0.12566,83.4
-9.99504,-0.314107,83.5
-9.98735,-0.502443,83.6
-9.97612,-0.6906,83.7
-9.96134,-0.878511,83.8
-9.94301,-1.06611,83.9
-9.92114,-1.25333,84
-9.89574,-1.4401,84.1
-9.86683,-1.62636,84.2
-9.83442,-1.81205,84.3
-9.79852,-1.99709,84.4
-9.75914,-2.18143,84.5
-9.7163,-2.36499,84.6
-9.67001,-2.54771,84.7
-9.62028,-2.72952,84.8
-9.56712,-2.91036,84.9
-9.51056,-3.09016,85
-9.45061,-3.26887,85.1
-9.38731,-3.44642,85.2
-9.32068,-3.62274,85.3
-9.25074,-3.79778,85.4
-9.17752,-3.97147,85.5
-9.10104,-4.14375,85.6
-9.02133,-4.31456,85.7
-8.93841,-4.48383,85.8
-8.85231,-4.65151,85.9
-8.76306,-4.81753,86
-8.67069,-4.98184,86.1
-8.57524,-5.14438,86.2
-8.47675,-5.30509,86.3
-8.37525,-5.46392,86.4
-8.27078,-5.62082,86.5
-8.16337,-5.77572,86.6
-8.05307,-5.92856,86.7
-7.9399,-6.0793,86.8
-7.82391,-6.22788,86.9
-7.70513,-6.37423,87
-7.58361,-6.51832,87.1
-7.45939,-6.6601,87.2
-7.33253,-6.79951,87.3
-7.20306,-6.93651,87.4
-7.07104,-7.07105,87.5
-6.93652,-7.20308,87.6
-6.79952,-7.33255,87.7
-6.66011,-7.45941,87.8
-6.51834,-7.58362,87.9
-6.37424,-7.70513,88
-6.22787,-7.8239,88.1
-6.07929,-7.93988,88.2
-5.92855,-8.05305,88.3
-5.77571,-8.16337,88.4
-5.62081,-8.27078,88.5
-5.46393,-8.37526,88.6
-5.3051,-8.47677,88.7
-5.14439,-8.57526,88.8
-4.98185,-8.67071,88.9
-4.81753,-8.76306,89
-4.6515,-8.8523,89.1
-4.48382,-8.93839,89.2
-4.31455,-9.02131,89.3
-4.14374,-9.10103,89.4
-3.97146,-9.17752,89.5
-3.79778,-9.25075,89.6
-3.62275,-9.3207,89.7
-3.44643,-9.38734,89.8
-3.26888,-9.45063,89.9
-3.09017,-9.51056,90
-2.91036,-9.56711,90.1
-2.72951,-9.62025,90.2
-2.5477,-9.66999,90.3
-2.36498,-9.71629,90.4
-2.18142,-9.75914,90.5
-1.99709,-9.79853,90.6
-1.81205,-9.83444,90.7
-1.62637,-9.86686,90.8
-1.44011,-9.89576,90.9
-1.25333,-9.92114,91
-1.06611,-9.94299,91.1
-0.878511,-9.96131,91.2
-0.690598,-9.97609,91.3
-0.502441,-9.98733,91.4
-0.314104,-9.99502,91.5
-0.125657,-9.99918,91.6
0.0628344,-9.99978,91.7
0.251303,-9.99683,91.8
0.439682,-9.99033,91.9
0.627905,-9.98027,92
0.815904,-9.96666,92.1
1.00361,-9.94951,92.2
1.19097,-9.92882,92.3
1.3779,-9.90461,92.4
1.56434,-9.87688,92.5
1.75023,-9.84565,92.6
1.93549,-9.81092,92.7
2.12007,-9.77269,92.8
2.3039,-9.73099,92.9
2.4869,-9.68581,93
2.66902,-9.63719,93.1
2.85019,-9.58513,93.2
3.03034,-9.52968,93.3
3.20943,-9.47084,93.4001
3.38737,-9.40866,93.5001
3.56411,-9.34314,93.6001
3.73959,-9.27433,93.7001
3.91374,-9.20224,93.8
4.08649,-9.12689,93.9
4.25779,-9.04832,94
4.42758,-8.96654,94.0999
4.59579,-8.88158,94.1999
4.76237,-8.79346,94.2998
4.92726,-8.7022,94.3998
5.0904,-8.60783,94.4998
5.25173,-8.51036,94.5998
5.4112,-8.40983,94.6998
5.56875,-8.30625,94.7998
5.72432,-8.19964,94.8999
5.87785,-8.09003,95.0001
6.02929,-7.97747,95.1003
6.17858,-7.86205,95.2004
6.32568,-7.74385,95.3006
6.47054,-7.62296,95.4008
6.6131,-7.49946,95.5009
6.75331,-7.37344,95.6009
6.89113,-7.24499,95.7008
7.02649,-7.11419,95.8006
7.15936,-6.98113,95.9003
7.28969,-6.84589,95.9998
7.41741,-6.70847,96.0991
7.5425,-6.56878,96.1984
7.66491,-6.42672,96.2978
7.7846,-6.28218,96.3972
7.90152,-6.13506,96.4968
8.01565,-5.98525,96.5967
8.12693,-5.83266,96.6969
8.23532,-5.67717,96.7976
8.34078,-5.51869,96.8988
8.44328,-5.35711,97.0006
8.54277,-5.19261,97.103
8.63922,-5.02576,97.2056
8.7326,-4.85723,97.3081
8.82288,-4.68764,97.4103
8.91004,-4.51765,97.5118
8.99403,-4.3479,97.6123
9.07483,-4.17902,97.7116
9.1524,-4.01166,97.8092
9.22672,-3.84647,97.905
9.29776,-3.68407,97.9985
9.36549,-3.52433,98.0899
9.42989,-3.36538,98.1803
9.49094,-3.20509,98.2707
9.54861,-3.04136,98.3624
9.6029,-2.87209,98.4564
9.65379,-2.69515,98.554
9.70124,-2.50845,98.6562
9.74526,-2.30986,98.7644
9.78581,-2.09729,98.8795
9.82287,-1.86862,99.0028
9.85644,-1.62403,99.1341
9.8865,-1.37045,99.2699
9.91305,-1.11607,99.4059
9.93608,-0.869055,99.5377
9.95559,-0.637599,99.661
9.97156,-0.42988,99.7716
9.98399,-0.254079,99.865
9.99288,-0.118378,99.9371
9.99822,-0.0309581,99.9836
10,-7.54952e-15,100
